ID_Venta,Asesor,Categoria,Monto_Venta
1000,Carlos Reina,Electrodomésticos,392632.0
1001,Ginna Tatiana Leon,Celulares,166653.0
1004,Ginna Leon,Electrodomésticos,1797498.0
1005,Ginna Leon,Electrodomésticos,426064.0
1006,Heidi Rojas,Celulares,302828.0
1007,Heidi Rojas,Electrodomésticos,1630358.0
1008,Carlos Reina,Electrodomésticos,1069893.6651376146
1009,Ginna Tatiana Leon,Electrodomésticos,1577594.0
1010,Ginna Tatiana Leon,Celulares,267335.0
1011,Carlos Reina,Electrodomésticos,1433126.0
1012,Ginna Leon,Electrodomésticos,1505459.0
1013,Ginna Tatiana Leon,Celulares,458903.0
1014,Ginna Leon,Celulares,666121.0
1015,Ginna Tatiana Leon,Celulares,1867588.0
1016,Carlos Reina,Celulares,1788303.0
1017,Heidi Rojas,Celulares,1289462.0
1018,Heidi Rojas,Celulares,929700.0
1019,Ginna Tatiana Leon,Electrodomésticos,392826.0
1020,Carlos Arturo Reina,Electrodomésticos,998490.0
1021,Indira Niño,Electrodomésticos,390102.0
1022,Carlos Reina,Celulares,420531.0
1023,Ginna Tatiana Leon,Electrodomésticos,906915.0
1024,Indira Niño,Electrodomésticos,1905185.0
1025,Ginna Tatiana Leon,Celulares,1226108.0
1026,Ginna Tatiana Leon,Electrodomésticos,1011768.0
1027,Carlos Reina,Electrodomésticos,1697950.0
1028,Carlos Reina,Electrodomésticos,1164646.0
1029,Ginna Leon,Electrodomésticos,1231159.0
1030,Carlos Arturo Reina,Celulares,1124680.0
1032,Ginna Leon,Celulares,1289833.0
1033,Carlos Reina,Electrodomésticos,1695098.0
1034,Ginna Leon,Celulares,1253021.0
1035,Carlos Arturo Reina,Electrodomésticos,1230985.0
1036,Ginna Tatiana Leon,Celulares,936747.0
1037,Ginna Tatiana Leon,Electrodomésticos,1185435.0
1038,Ginna Leon,Celulares,1069893.6651376146
1040,Ginna Tatiana Leon,Celulares,1998803.0
1042,Ginna Tatiana Leon,Electrodomésticos,377478.0
1043,Carlos Arturo Reina,Electrodomésticos,1091896.0
1044,Ginna Leon,Celulares,1003979.0
1045,Indira Niño,Electrodomésticos,213605.0
1046,Ginna Tatiana Leon,Celulares,1069893.6651376146
1047,Carlos Reina,Celulares,1224672.0
1048,Indira Niño,Celulares,623882.0
1049,Carlos Reina,Electrodomésticos,1895092.0
1050,Carlos Reina,Celulares,1680341.0
1051,Ginna Leon,Electrodomésticos,548260.0
1052,Carlos Reina,Celulares,918773.0
1053,Indira Niño,Electrodomésticos,1631980.0
1054,Carlos Arturo Reina,Electrodomésticos,722241.0
1055,Carlos Reina,Celulares,219884.0
1056,Indira Niño,Celulares,1069893.6651376146
1057,Ginna Leon,Celulares,1516023.0
1058,Indira Niño,Celulares,1294695.0
1059,Carlos Arturo Reina,Celulares,979178.0
1060,Carlos Arturo Reina,Electrodomésticos,528362.0
1061,Heidi Rojas,Celulares,374471.0
1062,Heidi Rojas,Electrodomésticos,1676774.0
1063,Carlos Reina,Electrodomésticos,1280683.0
1064,Carlos Reina,Celulares,377781.0
1065,Carlos Reina,Celulares,430819.0
1066,Carlos Arturo Reina,Electrodomésticos,1792611.0
1067,Carlos Reina,Electrodomésticos,317236.0
1068,Ginna Leon,Electrodomésticos,324470.0
1069,Ginna Leon,Electrodomésticos,541722.0
1070,Ginna Leon,Electrodomésticos,626639.0
1071,Carlos Reina,Celulares,1839269.0
1072,Carlos Reina,Electrodomésticos,1436123.0
1073,Ginna Leon,Electrodomésticos,996924.0
1074,Carlos Reina,Celulares,1549173.0
1075,Carlos Arturo Reina,Celulares,1321611.0
1076,Indira Niño,Celulares,1069893.6651376146
1077,Carlos Reina,Electrodomésticos,623301.0
1078,Heidi Rojas,Electrodomésticos,1671768.0
1079,Ginna Leon,Celulares,1800311.0
1080,Indira Niño,Celulares,796643.0
1081,Indira Niño,Celulares,1751244.0
1082,Indira Niño,Celulares,566477.0
1083,Indira Niño,Electrodomésticos,1767960.0
1084,Ginna Leon,Celulares,935643.0
1085,Carlos Reina,Electrodomésticos,1168301.0
1086,Carlos Arturo Reina,Electrodomésticos,341889.0
1087,Heidi Rojas,Celulares,656723.0
1089,Carlos Arturo Reina,Celulares,1309192.0
1090,Carlos Reina,Electrodomésticos,1069893.6651376146
1091,Carlos Arturo Reina,Celulares,246745.0
1092,Heidi Rojas,Electrodomésticos,361358.0
1093,Heidi Rojas,Electrodomésticos,784055.0
1094,Heidi Rojas,Celulares,1494458.0
1095,Ginna Tatiana Leon,Celulares,731137.0
1096,Carlos Reina,Electrodomésticos,1001540.0
1097,Carlos Arturo Reina,Electrodomésticos,1027276.0
1098,Carlos Arturo Reina,Electrodomésticos,1769384.0
1099,Ginna Tatiana Leon,Celulares,1492202.0
1100,Heidi Rojas,Celulares,1675250.0
1101,Heidi Rojas,Celulares,409023.0
1103,Carlos Reina,Electrodomésticos,1420713.0
1104,Ginna Tatiana Leon,Electrodomésticos,611672.0
1105,Ginna Tatiana Leon,Celulares,1904474.0
1106,Carlos Reina,Electrodomésticos,1786340.0
1107,Carlos Arturo Reina,Electrodomésticos,1069893.6651376146
1108,Carlos Reina,Electrodomésticos,1074427.0
1109,Carlos Arturo Reina,Electrodomésticos,1969455.0
1110,Ginna Tatiana Leon,Electrodomésticos,1248970.0
1111,Ginna Leon,Electrodomésticos,1676590.0
1112,Ginna Tatiana Leon,Electrodomésticos,1193244.0
1113,Ginna Leon,Electrodomésticos,1596412.0
1114,Heidi Rojas,Electrodomésticos,1232781.0
1115,Ginna Leon,Celulares,420455.0
1116,Carlos Reina,Electrodomésticos,1237938.0
1117,Carlos Reina,Celulares,916792.0
1118,Carlos Arturo Reina,Celulares,1705568.0
1119,Indira Niño,Celulares,726236.0
1120,Indira Niño,Celulares,672386.0
1121,Carlos Reina,Electrodomésticos,1524263.0
1122,Ginna Tatiana Leon,Celulares,367654.0
1123,Carlos Arturo Reina,Celulares,1341289.0
1124,Carlos Reina,Celulares,384582.0
1125,Ginna Leon,Celulares,786508.0
1126,Heidi Rojas,Electrodomésticos,895085.0
1127,Indira Niño,Electrodomésticos,1086304.0
1129,Carlos Reina,Celulares,618590.0
1130,Carlos Reina,Celulares,1093129.0
1131,Carlos Arturo Reina,Celulares,637381.0
1132,Ginna Leon,Celulares,443441.0
1133,Carlos Reina,Celulares,1307533.0
1134,Indira Niño,Electrodomésticos,515927.0
1135,Ginna Tatiana Leon,Celulares,1720009.0
1136,Ginna Tatiana Leon,Celulares,1286846.0
1137,Heidi Rojas,Electrodomésticos,244612.0
1138,Heidi Rojas,Celulares,1824552.0
1139,Indira Niño,Electrodomésticos,1837925.0
1140,Ginna Leon,Electrodomésticos,1194182.0
1141,Heidi Rojas,Electrodomésticos,1831690.0
1142,Heidi Rojas,Electrodomésticos,1842169.0
1143,Heidi Rojas,Electrodomésticos,1074564.0
1144,Ginna Tatiana Leon,Electrodomésticos,1136635.0
1145,Ginna Leon,Electrodomésticos,1773175.0
1146,Heidi Rojas,Electrodomésticos,1183445.0
1147,Carlos Reina,Celulares,1124622.0
1148,Ginna Leon,Electrodomésticos,1129326.0
1149,Carlos Reina,Celulares,948090.0
1150,Heidi Rojas,Electrodomésticos,1213423.0
1151,Ginna Tatiana Leon,Electrodomésticos,1051572.0
1152,Heidi Rojas,Celulares,503878.0
1153,Ginna Tatiana Leon,Celulares,1648966.0
1154,Ginna Tatiana Leon,Electrodomésticos,1846148.0
1155,Ginna Leon,Electrodomésticos,129671.0
1156,Ginna Leon,Electrodomésticos,1069893.6651376146
1157,Heidi Rojas,Celulares,1678719.0
1158,Carlos Reina,Electrodomésticos,1023730.0
1159,Carlos Reina,Electrodomésticos,1101870.0
1160,Carlos Reina,Electrodomésticos,1310101.0
1161,Carlos Reina,Celulares,1280360.0
1162,Carlos Reina,Celulares,1703154.0
1163,Carlos Arturo Reina,Celulares,897710.0
1164,Indira Niño,Electrodomésticos,999321.0
1165,Carlos Arturo Reina,Celulares,1652079.0
1166,Ginna Leon,Celulares,270262.0
1167,Ginna Leon,Celulares,956723.0
1168,Carlos Arturo Reina,Electrodomésticos,585440.0
1169,Heidi Rojas,Electrodomésticos,1069893.6651376146
1170,Heidi Rojas,Celulares,1242030.0
1171,Ginna Leon,Electrodomésticos,249757.0
1172,Heidi Rojas,Electrodomésticos,1082930.0
1173,Ginna Tatiana Leon,Electrodomésticos,1149566.0
1174,Indira Niño,Celulares,1965254.0
1175,Heidi Rojas,Electrodomésticos,1069893.6651376146
1176,Ginna Tatiana Leon,Celulares,1509876.0
1177,Carlos Arturo Reina,Celulares,467401.0
1178,Ginna Tatiana Leon,Electrodomésticos,480610.0
1179,Indira Niño,Electrodomésticos,1085683.0
1180,Heidi Rojas,Electrodomésticos,1898796.0
1181,Indira Niño,Electrodomésticos,939809.0
1182,Carlos Arturo Reina,Celulares,759590.0
1183,Carlos Reina,Electrodomésticos,1829997.0
1184,Ginna Tatiana Leon,Electrodomésticos,493389.0
1185,Carlos Arturo Reina,Electrodomésticos,1693815.0
1186,Heidi Rojas,Celulares,1018796.0
1187,Indira Niño,Celulares,1069893.6651376146
1188,Ginna Leon,Celulares,128677.0
1189,Carlos Reina,Celulares,337945.0
1190,Carlos Reina,Celulares,1602826.0
1191,Ginna Tatiana Leon,Electrodomésticos,1111874.0
1192,Ginna Leon,Electrodomésticos,904438.0
1193,Carlos Arturo Reina,Celulares,679332.0
1194,Indira Niño,Electrodomésticos,1164803.0
1195,Carlos Reina,Electrodomésticos,1856314.0
1196,Ginna Tatiana Leon,Electrodomésticos,1036477.0
1197,Heidi Rojas,Electrodomésticos,1239655.0
1198,Heidi Rojas,Celulares,600811.0
1199,Ginna Leon,Electrodomésticos,1069893.6651376146
1200,Ginna Tatiana Leon,Electrodomésticos,1491856.0
1201,Ginna Tatiana Leon,Celulares,177635.0
1202,Carlos Arturo Reina,Electrodomésticos,1933310.0
1203,Carlos Reina,Electrodomésticos,1069893.6651376146
1204,Ginna Tatiana Leon,Celulares,1069893.6651376146
1205,Heidi Rojas,Electrodomésticos,933582.0
1206,Heidi Rojas,Electrodomésticos,1414493.0
1207,Indira Niño,Celulares,592348.0
1208,Heidi Rojas,Celulares,1010104.0
1209,Ginna Tatiana Leon,Celulares,1555425.0
1210,Carlos Reina,Celulares,217690.0
1211,Heidi Rojas,Electrodomésticos,1213936.0
1212,Ginna Tatiana Leon,Celulares,265608.0
1213,Indira Niño,Celulares,1322969.0
1214,Indira Niño,Electrodomésticos,1498466.0
1216,Carlos Reina,Electrodomésticos,1332227.0
1217,Indira Niño,Electrodomésticos,733595.0
1218,Indira Niño,Electrodomésticos,899778.0
1219,Carlos Arturo Reina,Electrodomésticos,719143.0
1221,Ginna Tatiana Leon,Celulares,1662739.0
1222,Heidi Rojas,Celulares,838870.0
1223,Ginna Leon,Electrodomésticos,1611896.0
1224,Ginna Tatiana Leon,Celulares,1994574.0
1225,Carlos Reina,Electrodomésticos,169970.0
1226,Ginna Tatiana Leon,Celulares,718891.0
1227,Indira Niño,Celulares,1749436.0
1228,Heidi Rojas,Electrodomésticos,638905.0
1229,Indira Niño,Electrodomésticos,810337.0
1230,Indira Niño,Celulares,573148.0
1231,Ginna Tatiana Leon,Electrodomésticos,1787342.0
1232,Carlos Reina,Electrodomésticos,1069893.6651376146
1233,Indira Niño,Electrodomésticos,1510000.0
1234,Indira Niño,Electrodomésticos,590360.0
1235,Carlos Arturo Reina,Electrodomésticos,564240.0
1236,Ginna Tatiana Leon,Electrodomésticos,733738.0
1237,Carlos Reina,Celulares,1069893.6651376146
1239,Ginna Leon,Electrodomésticos,1506111.0
1240,Ginna Tatiana Leon,Electrodomésticos,1623788.0
1241,Indira Niño,Celulares,1391116.0
1242,Heidi Rojas,Celulares,555647.0
1243,Ginna Leon,Electrodomésticos,1537975.0
1244,Ginna Tatiana Leon,Electrodomésticos,1069893.6651376146
1245,Carlos Reina,Electrodomésticos,544818.0
1246,Carlos Arturo Reina,Celulares,1069893.6651376146
1247,Ginna Leon,Celulares,1069893.6651376146
1248,Ginna Leon,Celulares,588633.0
1249,Ginna Leon,Celulares,403432.0
1250,Carlos Arturo Reina,Electrodomésticos,330532.0
1251,Carlos Reina,Celulares,1069893.6651376146
1252,Ginna Leon,Electrodomésticos,1069893.6651376146
1253,Ginna Leon,Electrodomésticos,1663773.0
1254,Indira Niño,Electrodomésticos,328702.0
1255,Ginna Leon,Celulares,1918190.0
1256,Heidi Rojas,Electrodomésticos,165327.0
1257,Indira Niño,Electrodomésticos,326412.0
1258,Indira Niño,Celulares,775517.0
1259,Carlos Reina,Celulares,1427658.0
1260,Ginna Tatiana Leon,Electrodomésticos,1352821.0
1261,Indira Niño,Electrodomésticos,1571738.0
1262,Ginna Tatiana Leon,Celulares,1962461.0
1263,Heidi Rojas,Electrodomésticos,1630108.0
1264,Indira Niño,Electrodomésticos,884966.0
1265,Ginna Tatiana Leon,Electrodomésticos,1069893.6651376146
1266,Carlos Reina,Electrodomésticos,1649367.0
1267,Ginna Leon,Celulares,1277732.0
1268,Ginna Tatiana Leon,Celulares,1932087.0
1269,Indira Niño,Celulares,1359151.0
1270,Carlos Reina,Celulares,1111224.0
1271,Carlos Reina,Electrodomésticos,870831.0
1272,Heidi Rojas,Celulares,1872418.0
1273,Carlos Arturo Reina,Celulares,1479572.0
1274,Heidi Rojas,Celulares,1573666.0
1275,Heidi Rojas,Electrodomésticos,1069893.6651376146
1276,Carlos Arturo Reina,Electrodomésticos,1069893.6651376146
1277,Carlos Reina,Celulares,551166.0
1278,Indira Niño,Electrodomésticos,753550.0
1279,Carlos Arturo Reina,Celulares,426274.0
1280,Carlos Arturo Reina,Celulares,670641.0
1281,Indira Niño,Electrodomésticos,968606.0
1282,Carlos Arturo Reina,Celulares,332552.0
1283,Ginna Tatiana Leon,Electrodomésticos,746802.0
1286,Heidi Rojas,Electrodomésticos,116210.0
1287,Indira Niño,Celulares,1216906.0
1288,Carlos Arturo Reina,Electrodomésticos,1069893.6651376146
1289,Carlos Reina,Electrodomésticos,1069893.6651376146
1290,Heidi Rojas,Electrodomésticos,1587927.0
1291,Heidi Rojas,Celulares,781088.0
1292,Carlos Arturo Reina,Electrodomésticos,858860.0
1293,Carlos Reina,Celulares,939804.0
1294,Indira Niño,Electrodomésticos,564670.0
1295,Ginna Leon,Celulares,339131.0
1296,Ginna Leon,Electrodomésticos,1817459.0
1297,Ginna Leon,Celulares,636804.0
1298,Carlos Arturo Reina,Celulares,1474702.0
1299,Ginna Tatiana Leon,Electrodomésticos,1282238.0
1300,Indira Niño,Electrodomésticos,1415370.0
1301,Indira Niño,Celulares,1424110.0
1302,Heidi Rojas,Celulares,255589.0
1303,Indira Niño,Celulares,1069893.6651376146
1304,Carlos Reina,Celulares,1163398.0
1305,Carlos Arturo Reina,Celulares,1798307.0
1306,Ginna Leon,Electrodomésticos,1151443.0
1307,Carlos Reina,Electrodomésticos,1985605.0
1308,Ginna Tatiana Leon,Celulares,461882.0
1310,Ginna Leon,Electrodomésticos,693270.0
1311,Heidi Rojas,Celulares,1457497.0
1312,Heidi Rojas,Celulares,910683.0
1313,Ginna Tatiana Leon,Celulares,1322093.0
1314,Heidi Rojas,Electrodomésticos,1564818.0
1315,Ginna Leon,Celulares,889953.0
1316,Heidi Rojas,Celulares,1838452.0
1317,Ginna Tatiana Leon,Celulares,987947.0
1318,Carlos Reina,Electrodomésticos,549194.0
1319,Indira Niño,Celulares,388495.0
1320,Heidi Rojas,Celulares,1231981.0
1321,Carlos Arturo Reina,Celulares,1937928.0
1322,Ginna Leon,Electrodomésticos,479261.0
1323,Carlos Arturo Reina,Celulares,191629.0
1324,Ginna Tatiana Leon,Celulares,1380511.0
1325,Ginna Tatiana Leon,Electrodomésticos,601572.0
1326,Indira Niño,Celulares,1296256.0
1327,Indira Niño,Electrodomésticos,1154671.0
1328,Ginna Leon,Celulares,390242.0
1329,Carlos Reina,Electrodomésticos,1262956.0
1330,Ginna Tatiana Leon,Celulares,1700371.0
1331,Indira Niño,Celulares,292337.0
1332,Ginna Leon,Electrodomésticos,155931.0
1333,Indira Niño,Electrodomésticos,271139.0
1334,Carlos Reina,Electrodomésticos,1859880.0
1335,Heidi Rojas,Celulares,701629.0
1336,Indira Niño,Celulares,1083795.0
1337,Carlos Reina,Celulares,1069893.6651376146
1338,Ginna Leon,Electrodomésticos,704192.0
1339,Carlos Reina,Celulares,1439978.0
1340,Indira Niño,Celulares,1998230.0
1341,Carlos Arturo Reina,Celulares,1305961.0
1342,Ginna Leon,Electrodomésticos,1389349.0
1343,Carlos Arturo Reina,Electrodomésticos,1501348.0
1344,Heidi Rojas,Celulares,1241022.0
1345,Carlos Arturo Reina,Celulares,1085944.0
1347,Heidi Rojas,Celulares,1637088.0
1348,Carlos Reina,Electrodomésticos,838824.0
1349,Ginna Tatiana Leon,Celulares,1535883.0
1350,Ginna Tatiana Leon,Electrodomésticos,1801833.0
1351,Ginna Tatiana Leon,Electrodomésticos,1069893.6651376146
1352,Ginna Leon,Celulares,750276.0
1353,Carlos Arturo Reina,Electrodomésticos,1679765.0
1354,Heidi Rojas,Electrodomésticos,200252.0
1355,Heidi Rojas,Electrodomésticos,871792.0
1356,Indira Niño,Electrodomésticos,910852.0
1357,Ginna Leon,Electrodomésticos,870382.0
1358,Carlos Arturo Reina,Electrodomésticos,1624800.0
1359,Indira Niño,Celulares,773629.0
1360,Heidi Rojas,Electrodomésticos,1363789.0
1361,Ginna Leon,Electrodomésticos,188825.0
1362,Heidi Rojas,Electrodomésticos,1759849.0
1363,Carlos Reina,Electrodomésticos,1780020.0
1364,Ginna Leon,Celulares,1374172.0
1365,Indira Niño,Celulares,594918.0
1366,Heidi Rojas,Electrodomésticos,1289598.0
1368,Carlos Reina,Celulares,934737.0
1369,Heidi Rojas,Celulares,154344.0
1370,Indira Niño,Electrodomésticos,346962.0
1371,Heidi Rojas,Electrodomésticos,1383199.0
1372,Indira Niño,Celulares,1888506.0
1373,Ginna Leon,Electrodomésticos,1799769.0
1374,Heidi Rojas,Electrodomésticos,1253427.0
1375,Heidi Rojas,Celulares,1568466.0
1376,Heidi Rojas,Celulares,521486.0
1377,Ginna Leon,Electrodomésticos,1069893.6651376146
1378,Heidi Rojas,Electrodomésticos,1256887.0
1379,Carlos Reina,Celulares,1603518.0
1380,Carlos Arturo Reina,Electrodomésticos,1826667.0
1381,Ginna Leon,Electrodomésticos,1043664.0
1382,Carlos Arturo Reina,Electrodomésticos,1838651.0
1383,Ginna Tatiana Leon,Celulares,370601.0
1384,Carlos Reina,Celulares,737795.0
1385,Heidi Rojas,Celulares,1188207.0
1386,Carlos Reina,Electrodomésticos,1255198.0
1387,Ginna Tatiana Leon,Electrodomésticos,295933.0
1388,Ginna Leon,Celulares,1409627.0
1389,Carlos Arturo Reina,Electrodomésticos,1281992.0
1391,Heidi Rojas,Celulares,973645.0
1392,Carlos Reina,Electrodomésticos,1244158.0
1393,Heidi Rojas,Electrodomésticos,1793134.0
1394,Heidi Rojas,Electrodomésticos,1069893.6651376146
1395,Indira Niño,Electrodomésticos,527867.0
1396,Ginna Leon,Electrodomésticos,769655.0
1397,Heidi Rojas,Electrodomésticos,877079.0
1398,Carlos Reina,Electrodomésticos,356947.0
1399,Ginna Leon,Celulares,708618.0
1400,Carlos Arturo Reina,Electrodomésticos,1914681.0
1401,Heidi Rojas,Electrodomésticos,434165.0
1402,Carlos Arturo Reina,Electrodomésticos,747056.0
1403,Carlos Reina,Electrodomésticos,604844.0
1404,Heidi Rojas,Celulares,1069893.6651376146
1405,Ginna Tatiana Leon,Electrodomésticos,117149.0
1406,Indira Niño,Celulares,1625694.0
1407,Indira Niño,Electrodomésticos,1069893.6651376146
1408,Carlos Arturo Reina,Celulares,705241.0
1409,Carlos Arturo Reina,Electrodomésticos,686616.0
1410,Carlos Arturo Reina,Celulares,302755.0
1411,Heidi Rojas,Electrodomésticos,517454.0
1412,Indira Niño,Celulares,1069893.6651376146
1413,Heidi Rojas,Electrodomésticos,412351.0
1414,Carlos Arturo Reina,Celulares,1385697.0
1415,Indira Niño,Electrodomésticos,1163916.0
1416,Carlos Arturo Reina,Electrodomésticos,728706.0
1417,Carlos Reina,Electrodomésticos,329857.0
1418,Carlos Arturo Reina,Electrodomésticos,1621115.0
1419,Ginna Tatiana Leon,Celulares,656857.0
1420,Carlos Arturo Reina,Celulares,1323737.0
1421,Carlos Arturo Reina,Electrodomésticos,1527587.0
1422,Carlos Arturo Reina,Celulares,1024924.0
1423,Ginna Leon,Electrodomésticos,960623.0
1424,Carlos Arturo Reina,Electrodomésticos,1643162.0
1425,Ginna Tatiana Leon,Celulares,1276264.0
1426,Ginna Tatiana Leon,Electrodomésticos,757986.0
1427,Indira Niño,Electrodomésticos,1517399.0
1428,Ginna Tatiana Leon,Electrodomésticos,503207.0
1429,Heidi Rojas,Electrodomésticos,724142.0
1430,Ginna Tatiana Leon,Celulares,1125513.0
1431,Heidi Rojas,Electrodomésticos,1302668.0
1432,Indira Niño,Electrodomésticos,1721233.0
1433,Heidi Rojas,Celulares,1597662.0
1434,Indira Niño,Electrodomésticos,548762.0
1435,Carlos Arturo Reina,Electrodomésticos,1559977.0
1436,Carlos Reina,Celulares,1504743.0
1437,Ginna Leon,Celulares,1069893.6651376146
1438,Ginna Tatiana Leon,Electrodomésticos,1716413.0
1439,Carlos Arturo Reina,Celulares,1946851.0
1440,Indira Niño,Celulares,702396.0
1441,Ginna Tatiana Leon,Celulares,287612.0
1442,Ginna Leon,Celulares,467137.0
1443,Ginna Leon,Celulares,932557.0
1444,Ginna Leon,Electrodomésticos,119434.0
1445,Carlos Arturo Reina,Celulares,802634.0
1446,Ginna Tatiana Leon,Electrodomésticos,381437.0
1447,Indira Niño,Electrodomésticos,336237.0
1448,Ginna Tatiana Leon,Electrodomésticos,1607009.0
1449,Ginna Tatiana Leon,Electrodomésticos,1290723.0
1450,Ginna Leon,Celulares,1439505.0
1451,Indira Niño,Electrodomésticos,1503531.0
1452,Ginna Leon,Electrodomésticos,620192.0
1454,Heidi Rojas,Electrodomésticos,1301410.0
1456,Indira Niño,Electrodomésticos,1538800.0
1457,Ginna Tatiana Leon,Electrodomésticos,1439474.0
1458,Heidi Rojas,Electrodomésticos,559545.0
1459,Indira Niño,Celulares,1370326.0
1460,Ginna Tatiana Leon,Electrodomésticos,1781905.0
1461,Ginna Leon,Celulares,1349513.0
1462,Carlos Reina,Electrodomésticos,858717.0
1463,Carlos Arturo Reina,Celulares,1069893.6651376146
1464,Carlos Arturo Reina,Celulares,414263.0
1465,Carlos Arturo Reina,Electrodomésticos,530758.0
1466,Indira Niño,Celulares,1034244.0
1467,Indira Niño,Celulares,1057975.0
1468,Carlos Arturo Reina,Electrodomésticos,746278.0
1469,Indira Niño,Electrodomésticos,1664065.0
1470,Carlos Reina,Celulares,1568813.0
1471,Carlos Reina,Celulares,1090005.0
1473,Ginna Tatiana Leon,Electrodomésticos,1969262.0
1474,Indira Niño,Electrodomésticos,1487879.0
1475,Ginna Leon,Electrodomésticos,1226712.0
1476,Ginna Leon,Celulares,1685823.0
1478,Carlos Arturo Reina,Electrodomésticos,619070.0
1479,Ginna Leon,Electrodomésticos,1935444.0
1480,Carlos Reina,Celulares,979211.0
1481,Carlos Reina,Celulares,311595.0
1482,Indira Niño,Celulares,192771.0
1483,Ginna Leon,Celulares,1727523.0
1484,Carlos Arturo Reina,Electrodomésticos,1634103.0
1485,Carlos Arturo Reina,Electrodomésticos,1937646.0
1486,Ginna Tatiana Leon,Celulares,677039.0
1487,Carlos Arturo Reina,Celulares,995904.0
1488,Carlos Reina,Electrodomésticos,1507907.0
1489,Carlos Arturo Reina,Electrodomésticos,956181.0
1490,Indira Niño,Celulares,1093040.0
1491,Ginna Leon,Electrodomésticos,402727.0
1492,Carlos Reina,Electrodomésticos,1268715.0
1493,Indira Niño,Celulares,792611.0
1494,Indira Niño,Electrodomésticos,1619564.0
1495,Carlos Reina,Electrodomésticos,1368712.0
1496,Carlos Reina,Celulares,1332252.0
1497,Carlos Arturo Reina,Celulares,1923418.0
1498,Heidi Rojas,Celulares,498508.0
1499,Carlos Reina,Electrodomésticos,1558834.0
1500,Ginna Leon,Electrodomésticos,1257794.0
1501,Heidi Rojas,Electrodomésticos,1460467.0
1502,Heidi Rojas,Electrodomésticos,1142866.0
1503,Ginna Tatiana Leon,Electrodomésticos,771577.0
1504,Heidi Rojas,Electrodomésticos,1279699.0
1505,Ginna Tatiana Leon,Celulares,1069893.6651376146
1506,Carlos Arturo Reina,Electrodomésticos,511443.0
1507,Indira Niño,Celulares,1472812.0
1508,Heidi Rojas,Electrodomésticos,1124712.0
1509,Ginna Tatiana Leon,Electrodomésticos,1636734.0
1510,Ginna Leon,Celulares,1124073.0
1511,Carlos Arturo Reina,Celulares,1859654.0
1512,Ginna Tatiana Leon,Celulares,964849.0
1513,Ginna Tatiana Leon,Celulares,1069893.6651376146
1514,Ginna Leon,Electrodomésticos,1395694.0
1515,Carlos Arturo Reina,Electrodomésticos,132991.0
1517,Heidi Rojas,Electrodomésticos,1069893.6651376146
1518,Ginna Tatiana Leon,Electrodomésticos,475949.0
1519,Carlos Reina,Celulares,1399774.0
1520,Heidi Rojas,Electrodomésticos,265715.0
1521,Indira Niño,Electrodomésticos,1562210.0
1522,Ginna Tatiana Leon,Celulares,1899816.0
1523,Carlos Reina,Celulares,890981.0
1524,Carlos Reina,Celulares,273405.0
1525,Indira Niño,Electrodomésticos,1899273.0
1526,Carlos Arturo Reina,Celulares,1990106.0
1527,Carlos Arturo Reina,Electrodomésticos,255919.0
1528,Heidi Rojas,Celulares,1883475.0
1529,Ginna Leon,Celulares,1594664.0
1530,Carlos Reina,Electrodomésticos,604306.0
1531,Indira Niño,Electrodomésticos,1651358.0
1532,Ginna Tatiana Leon,Celulares,825319.0
1533,Indira Niño,Celulares,814274.0
1534,Carlos Arturo Reina,Electrodomésticos,784461.0
1536,Heidi Rojas,Electrodomésticos,1525423.0
1537,Indira Niño,Celulares,719455.0
1538,Ginna Tatiana Leon,Celulares,423424.0
1539,Ginna Tatiana Leon,Celulares,764122.0
1540,Carlos Reina,Celulares,1032678.0
1541,Heidi Rojas,Celulares,492989.0
1542,Carlos Arturo Reina,Electrodomésticos,287944.0
1543,Carlos Reina,Electrodomésticos,125880.0
1544,Indira Niño,Celulares,1273433.0
1545,Ginna Leon,Celulares,455470.0
1546,Heidi Rojas,Electrodomésticos,232680.0
1547,Heidi Rojas,Electrodomésticos,1741370.0
1548,Heidi Rojas,Celulares,1139773.0
1549,Ginna Leon,Electrodomésticos,738914.0
1551,Heidi Rojas,Electrodomésticos,1810176.0
1552,Ginna Tatiana Leon,Celulares,1365025.0
1553,Ginna Leon,Electrodomésticos,935168.0
1554,Heidi Rojas,Electrodomésticos,1739919.0
1555,Indira Niño,Electrodomésticos,924044.0
1556,Carlos Arturo Reina,Celulares,1244267.0
1557,Carlos Arturo Reina,Celulares,1068091.0
1558,Ginna Leon,Electrodomésticos,1843324.0
1559,Indira Niño,Electrodomésticos,735086.0
1560,Ginna Tatiana Leon,Celulares,1754813.0
1561,Indira Niño,Electrodomésticos,1220649.0
1562,Ginna Tatiana Leon,Electrodomésticos,1758261.0
1563,Ginna Tatiana Leon,Celulares,620578.0
1564,Heidi Rojas,Celulares,192896.0
1565,Ginna Tatiana Leon,Electrodomésticos,795408.0
1566,Indira Niño,Celulares,1069893.6651376146
1567,Carlos Arturo Reina,Celulares,920267.0
1568,Ginna Tatiana Leon,Celulares,151511.0
1569,Heidi Rojas,Electrodomésticos,280050.0
1570,Ginna Tatiana Leon,Celulares,819462.0
1571,Ginna Leon,Electrodomésticos,304730.0
1572,Ginna Tatiana Leon,Electrodomésticos,729699.0
1574,Carlos Reina,Celulares,1652919.0
1575,Ginna Leon,Celulares,994161.0
1576,Ginna Leon,Electrodomésticos,490881.0
1577,Indira Niño,Electrodomésticos,1069893.6651376146
1578,Ginna Leon,Electrodomésticos,915447.0
1580,Carlos Reina,Celulares,1225937.0
1581,Heidi Rojas,Celulares,650194.0
1582,Indira Niño,Electrodomésticos,1382006.0
1583,Carlos Reina,Electrodomésticos,1060203.0
1584,Ginna Tatiana Leon,Electrodomésticos,1337672.0
1585,Ginna Leon,Electrodomésticos,740428.0
1586,Heidi Rojas,Celulares,977110.0
1587,Carlos Arturo Reina,Electrodomésticos,1120621.0
1588,Ginna Tatiana Leon,Celulares,1126853.0
1589,Ginna Leon,Electrodomésticos,1398996.0
1590,Heidi Rojas,Celulares,509214.0
1591,Carlos Arturo Reina,Electrodomésticos,1131223.0
1592,Indira Niño,Electrodomésticos,1285725.0
1594,Heidi Rojas,Celulares,1286254.0
1595,Indira Niño,Celulares,661803.0
1596,Heidi Rojas,Celulares,1025612.0
1597,Indira Niño,Celulares,1470848.0
1598,Heidi Rojas,Celulares,831018.0
1599,Carlos Reina,Electrodomésticos,346176.0
1600,Ginna Leon,Celulares,1332965.0
1601,Ginna Tatiana Leon,Electrodomésticos,391996.0
1602,Ginna Leon,Celulares,1216273.0
1603,Carlos Arturo Reina,Celulares,1576507.0
1604,Carlos Arturo Reina,Electrodomésticos,1178806.0
1605,Ginna Tatiana Leon,Celulares,1673061.0
1606,Carlos Reina,Electrodomésticos,366103.0
1607,Ginna Leon,Celulares,775485.0
1608,Ginna Tatiana Leon,Electrodomésticos,1310949.0
1609,Ginna Tatiana Leon,Electrodomésticos,258369.0
1610,Carlos Reina,Electrodomésticos,683481.0
1611,Heidi Rojas,Electrodomésticos,786375.0
1612,Ginna Tatiana Leon,Celulares,1061437.0
1613,Ginna Tatiana Leon,Electrodomésticos,1768657.0
1614,Ginna Leon,Electrodomésticos,1137492.0
1615,Heidi Rojas,Electrodomésticos,373875.0
1616,Indira Niño,Electrodomésticos,1698562.0
1618,Carlos Reina,Celulares,101417.0
1619,Indira Niño,Celulares,376641.0
1620,Heidi Rojas,Celulares,1938353.0
1621,Ginna Tatiana Leon,Electrodomésticos,879812.0
1622,Ginna Tatiana Leon,Celulares,1069893.6651376146
1623,Ginna Tatiana Leon,Celulares,291258.0
1624,Carlos Reina,Celulares,378291.0
1625,Carlos Arturo Reina,Electrodomésticos,1069893.6651376146
1626,Carlos Reina,Electrodomésticos,1101810.0
1627,Indira Niño,Celulares,314805.0
1628,Heidi Rojas,Electrodomésticos,1722064.0
1629,Ginna Leon,Celulares,1069893.6651376146
1630,Carlos Arturo Reina,Celulares,1615049.0
1631,Ginna Tatiana Leon,Celulares,1392005.0
1632,Ginna Leon,Celulares,393628.0
1633,Carlos Arturo Reina,Electrodomésticos,1000493.0
1634,Ginna Leon,Celulares,276682.0
1635,Carlos Arturo Reina,Electrodomésticos,1548033.0
1637,Ginna Tatiana Leon,Electrodomésticos,214439.0
1638,Ginna Leon,Electrodomésticos,605585.0
1639,Carlos Arturo Reina,Celulares,125306.0
1640,Heidi Rojas,Celulares,1859454.0
1641,Heidi Rojas,Celulares,1715576.0
1642,Carlos Arturo Reina,Celulares,1069893.6651376146
1643,Carlos Reina,Electrodomésticos,1418208.0
1644,Indira Niño,Electrodomésticos,272863.0
1645,Carlos Arturo Reina,Celulares,749921.0
1646,Ginna Leon,Celulares,919423.0
1647,Ginna Tatiana Leon,Celulares,1017474.0
1648,Ginna Leon,Celulares,1011178.0
1649,Carlos Arturo Reina,Celulares,1655444.0
1650,Ginna Leon,Celulares,1069893.6651376146
1651,Carlos Reina,Celulares,827093.0
1652,Ginna Tatiana Leon,Electrodomésticos,366192.0
1653,Heidi Rojas,Celulares,161564.0
1654,Indira Niño,Electrodomésticos,651445.0
1655,Carlos Arturo Reina,Celulares,1171187.0
1656,Indira Niño,Celulares,635017.0
1657,Carlos Arturo Reina,Celulares,1167083.0
1659,Ginna Leon,Celulares,1898276.0
1661,Ginna Tatiana Leon,Electrodomésticos,263341.0
1662,Carlos Reina,Celulares,1786819.0
1663,Carlos Reina,Electrodomésticos,1069893.6651376146
1664,Heidi Rojas,Electrodomésticos,1259916.0
1665,Heidi Rojas,Celulares,1745230.0
1666,Carlos Arturo Reina,Celulares,1340865.0
1667,Ginna Leon,Celulares,959908.0
1669,Heidi Rojas,Celulares,889105.0
1670,Ginna Tatiana Leon,Electrodomésticos,1211101.0
1671,Indira Niño,Electrodomésticos,398578.0
1672,Carlos Reina,Celulares,1981748.0
1673,Indira Niño,Electrodomésticos,1668458.0
1674,Carlos Reina,Celulares,927014.0
1675,Carlos Arturo Reina,Celulares,374115.0
1676,Heidi Rojas,Electrodomésticos,924081.0
1677,Ginna Tatiana Leon,Electrodomésticos,670332.0
1678,Ginna Leon,Celulares,1326221.0
1679,Carlos Reina,Celulares,758575.0
1680,Carlos Arturo Reina,Electrodomésticos,535444.0
1681,Indira Niño,Electrodomésticos,289626.0
1682,Ginna Tatiana Leon,Electrodomésticos,1561459.0
1683,Ginna Leon,Electrodomésticos,1591405.0
1684,Heidi Rojas,Electrodomésticos,1520156.0
1685,Ginna Leon,Celulares,1892228.0
1686,Ginna Tatiana Leon,Celulares,313715.0
1687,Ginna Leon,Celulares,1069893.6651376146
1688,Ginna Leon,Celulares,940080.0
1689,Ginna Tatiana Leon,Celulares,642786.0
1690,Carlos Reina,Celulares,514712.0
1691,Indira Niño,Celulares,1876865.0
1692,Heidi Rojas,Celulares,1069893.6651376146
1693,Ginna Leon,Electrodomésticos,928372.0
1694,Indira Niño,Electrodomésticos,550292.0
1695,Heidi Rojas,Electrodomésticos,411702.0
1697,Carlos Arturo Reina,Electrodomésticos,1069893.6651376146
1698,Ginna Leon,Electrodomésticos,1955250.0
1699,Ginna Leon,Celulares,1739796.0
1700,Indira Niño,Electrodomésticos,1286256.0
1701,Indira Niño,Electrodomésticos,768734.0
1702,Carlos Reina,Electrodomésticos,1069893.6651376146
1703,Carlos Arturo Reina,Electrodomésticos,588137.0
1704,Carlos Reina,Celulares,658947.0
1705,Ginna Tatiana Leon,Celulares,560139.0
1706,Indira Niño,Electrodomésticos,1872556.0
1707,Ginna Leon,Electrodomésticos,1563028.0
1708,Carlos Arturo Reina,Celulares,837530.0
1709,Carlos Arturo Reina,Celulares,494754.0
1710,Indira Niño,Electrodomésticos,179615.0
1711,Ginna Leon,Celulares,1069893.6651376146
1712,Heidi Rojas,Celulares,814623.0
1713,Heidi Rojas,Celulares,1069893.6651376146
1714,Ginna Leon,Celulares,1904954.0
1715,Carlos Reina,Electrodomésticos,1488607.0
1716,Carlos Reina,Electrodomésticos,386159.0
1717,Ginna Tatiana Leon,Electrodomésticos,1121732.0
1718,Ginna Leon,Electrodomésticos,1335117.0
1719,Indira Niño,Electrodomésticos,717647.0
1720,Ginna Tatiana Leon,Celulares,1301321.0
1721,Carlos Arturo Reina,Celulares,767349.0
1722,Carlos Arturo Reina,Celulares,318334.0
1723,Ginna Leon,Electrodomésticos,599113.0
1724,Heidi Rojas,Celulares,286071.0
1725,Ginna Tatiana Leon,Electrodomésticos,656190.0
1726,Ginna Tatiana Leon,Celulares,1750500.0
1727,Carlos Reina,Celulares,1636341.0
1728,Ginna Leon,Electrodomésticos,894217.0
1729,Indira Niño,Celulares,1754086.0
1730,Ginna Tatiana Leon,Celulares,254579.0
1731,Carlos Reina,Electrodomésticos,1069893.6651376146
1732,Carlos Reina,Celulares,1962126.0
1733,Ginna Tatiana Leon,Celulares,1983502.0
1734,Heidi Rojas,Electrodomésticos,1004550.0
1735,Ginna Leon,Electrodomésticos,312353.0
1736,Ginna Leon,Electrodomésticos,1614223.0
1737,Carlos Arturo Reina,Electrodomésticos,723694.0
1738,Carlos Reina,Electrodomésticos,1861302.0
1739,Carlos Reina,Electrodomésticos,1069893.6651376146
1740,Ginna Tatiana Leon,Electrodomésticos,153971.0
1741,Ginna Tatiana Leon,Electrodomésticos,1093149.0
1742,Heidi Rojas,Electrodomésticos,1976694.0
1743,Carlos Reina,Electrodomésticos,1957012.0
1744,Ginna Leon,Electrodomésticos,1069893.6651376146
1745,Heidi Rojas,Celulares,1283310.0
1746,Ginna Tatiana Leon,Celulares,820982.0
1747,Indira Niño,Celulares,1863279.0
1748,Carlos Arturo Reina,Electrodomésticos,1540885.0
1749,Indira Niño,Celulares,265580.0
1750,Ginna Tatiana Leon,Celulares,1988391.0
1751,Carlos Arturo Reina,Celulares,1687939.0
1752,Ginna Leon,Celulares,364631.0
1754,Ginna Tatiana Leon,Celulares,640826.0
1755,Ginna Tatiana Leon,Celulares,1266780.0
1756,Heidi Rojas,Electrodomésticos,1931791.0
1758,Carlos Arturo Reina,Celulares,1280033.0
1759,Heidi Rojas,Electrodomésticos,653934.0
1760,Indira Niño,Electrodomésticos,1069893.6651376146
1761,Ginna Leon,Electrodomésticos,1069893.6651376146
1762,Heidi Rojas,Celulares,1069893.6651376146
1763,Heidi Rojas,Electrodomésticos,1069893.6651376146
1764,Heidi Rojas,Electrodomésticos,1131000.0
1765,Ginna Tatiana Leon,Celulares,578061.0
1766,Ginna Tatiana Leon,Electrodomésticos,772909.0
1767,Indira Niño,Celulares,543318.0
1768,Indira Niño,Electrodomésticos,1918627.0
1769,Carlos Reina,Celulares,1069893.6651376146
1770,Indira Niño,Celulares,1199507.0
1771,Carlos Reina,Celulares,1846780.0
1772,Carlos Reina,Celulares,1069893.6651376146
1773,Heidi Rojas,Celulares,1827017.0
1774,Indira Niño,Celulares,607380.0
1775,Carlos Arturo Reina,Electrodomésticos,1925530.0
1776,Carlos Arturo Reina,Electrodomésticos,1856687.0
1777,Ginna Tatiana Leon,Celulares,910686.0
1779,Ginna Leon,Electrodomésticos,1176428.0
1781,Carlos Arturo Reina,Celulares,1375789.0
1782,Heidi Rojas,Electrodomésticos,889526.0
1783,Indira Niño,Electrodomésticos,733644.0
1784,Carlos Arturo Reina,Electrodomésticos,115408.0
1785,Ginna Tatiana Leon,Electrodomésticos,1345231.0
1786,Heidi Rojas,Celulares,805237.0
1787,Ginna Tatiana Leon,Electrodomésticos,647664.0
1788,Ginna Tatiana Leon,Electrodomésticos,1184843.0
1789,Carlos Reina,Electrodomésticos,1527648.0
1790,Carlos Reina,Electrodomésticos,644056.0
1791,Indira Niño,Electrodomésticos,1322689.0
1792,Carlos Arturo Reina,Celulares,1596043.0
1793,Carlos Arturo Reina,Electrodomésticos,1509010.0
1794,Heidi Rojas,Celulares,1938142.0
1795,Heidi Rojas,Celulares,1653819.0
1796,Carlos Arturo Reina,Celulares,1986579.0
1797,Carlos Reina,Celulares,1660721.0
1798,Indira Niño,Electrodomésticos,1328030.0
1799,Carlos Reina,Electrodomésticos,1069893.6651376146
1800,Carlos Arturo Reina,Celulares,507987.0
1801,Ginna Tatiana Leon,Electrodomésticos,966348.0
1802,Ginna Leon,Celulares,818630.0
1803,Carlos Arturo Reina,Electrodomésticos,1908571.0
1804,Carlos Reina,Electrodomésticos,470827.0
1805,Carlos Reina,Celulares,539106.0
1806,Ginna Leon,Celulares,1701320.0
1807,Ginna Leon,Electrodomésticos,945977.0
1808,Indira Niño,Electrodomésticos,1069893.6651376146
1809,Ginna Tatiana Leon,Electrodomésticos,1970672.0
1810,Carlos Arturo Reina,Celulares,1069893.6651376146
1812,Ginna Leon,Celulares,1334531.0
1813,Carlos Reina,Celulares,709910.0
1814,Carlos Arturo Reina,Electrodomésticos,1540282.0
1815,Heidi Rojas,Electrodomésticos,495158.0
1816,Indira Niño,Celulares,1624983.0
1817,Ginna Leon,Celulares,454386.0
1818,Ginna Tatiana Leon,Celulares,1442850.0
1819,Carlos Arturo Reina,Celulares,200580.0
1820,Ginna Tatiana Leon,Celulares,1069893.6651376146
1821,Indira Niño,Electrodomésticos,630030.0
1822,Ginna Leon,Celulares,1421858.0
1824,Carlos Arturo Reina,Celulares,1984546.0
1825,Ginna Tatiana Leon,Celulares,1745761.0
1826,Ginna Leon,Celulares,1843779.0
1827,Ginna Leon,Electrodomésticos,719396.0
1828,Carlos Arturo Reina,Electrodomésticos,1543268.0
1829,Heidi Rojas,Celulares,1069893.6651376146
1830,Carlos Reina,Electrodomésticos,288917.0
1831,Carlos Reina,Celulares,1451272.0
1832,Heidi Rojas,Electrodomésticos,309314.0
1833,Carlos Reina,Electrodomésticos,1519282.0
1834,Ginna Tatiana Leon,Celulares,1690069.0
1835,Carlos Reina,Celulares,457590.0
1836,Indira Niño,Electrodomésticos,294933.0
1837,Heidi Rojas,Celulares,939385.0
1838,Heidi Rojas,Electrodomésticos,1102952.0
1839,Ginna Tatiana Leon,Celulares,1559974.0
1840,Ginna Leon,Celulares,1338893.0
1841,Carlos Arturo Reina,Electrodomésticos,896395.0
1842,Carlos Arturo Reina,Celulares,1945389.0
1843,Ginna Leon,Electrodomésticos,336847.0
1844,Indira Niño,Celulares,1069893.6651376146
1845,Carlos Reina,Celulares,1504765.0
1846,Carlos Arturo Reina,Celulares,1623899.0
1847,Heidi Rojas,Electrodomésticos,1833165.0
1848,Carlos Arturo Reina,Celulares,1069893.6651376146
1849,Carlos Arturo Reina,Electrodomésticos,1923296.0
1850,Indira Niño,Electrodomésticos,683337.0
1851,Ginna Leon,Electrodomésticos,592830.0
1852,Indira Niño,Electrodomésticos,1145338.0
1853,Carlos Reina,Electrodomésticos,137264.0
1854,Indira Niño,Celulares,100355.0
1855,Carlos Arturo Reina,Electrodomésticos,1279296.0
1856,Ginna Tatiana Leon,Electrodomésticos,861984.0
1857,Ginna Leon,Electrodomésticos,1709388.0
1858,Indira Niño,Electrodomésticos,339124.0
1859,Ginna Tatiana Leon,Celulares,1069893.6651376146
1860,Ginna Tatiana Leon,Electrodomésticos,884104.0
1861,Carlos Reina,Celulares,1823520.0
1862,Ginna Tatiana Leon,Electrodomésticos,1381049.0
1863,Carlos Reina,Electrodomésticos,1829215.0
1864,Ginna Tatiana Leon,Electrodomésticos,969207.0
1866,Carlos Arturo Reina,Celulares,109096.0
1867,Carlos Reina,Electrodomésticos,1112781.0
1868,Ginna Leon,Celulares,369236.0
1869,Ginna Tatiana Leon,Electrodomésticos,906696.0
1870,Carlos Arturo Reina,Celulares,819027.0
1871,Indira Niño,Celulares,1363585.0
1872,Ginna Tatiana Leon,Electrodomésticos,1248832.0
1873,Ginna Tatiana Leon,Celulares,1408974.0
1874,Ginna Tatiana Leon,Electrodomésticos,378232.0
1875,Ginna Tatiana Leon,Celulares,1556077.0
1876,Ginna Tatiana Leon,Celulares,1279187.0
1877,Carlos Arturo Reina,Electrodomésticos,1974572.0
1878,Heidi Rojas,Electrodomésticos,1196244.0
1879,Indira Niño,Celulares,1069893.6651376146
1880,Heidi Rojas,Celulares,1533173.0
1881,Carlos Reina,Electrodomésticos,1234920.0
1883,Carlos Arturo Reina,Celulares,1277069.0
1884,Carlos Arturo Reina,Electrodomésticos,198523.0
1885,Indira Niño,Electrodomésticos,1536861.0
1886,Carlos Arturo Reina,Celulares,1069893.6651376146
1887,Carlos Arturo Reina,Electrodomésticos,1429150.0
1888,Ginna Tatiana Leon,Electrodomésticos,1246335.0
1889,Ginna Leon,Celulares,472089.0
1890,Carlos Reina,Celulares,1641573.0
1891,Indira Niño,Celulares,1267271.0
1892,Ginna Leon,Electrodomésticos,1069893.6651376146
1893,Ginna Leon,Celulares,776604.0
1894,Ginna Tatiana Leon,Electrodomésticos,1300990.0
1895,Carlos Reina,Electrodomésticos,485601.0
1896,Carlos Arturo Reina,Celulares,1226246.0
1897,Heidi Rojas,Celulares,1491113.0
1898,Heidi Rojas,Electrodomésticos,1678433.0
1899,Indira Niño,Celulares,825629.0
1900,Ginna Tatiana Leon,Celulares,1531413.0
1901,Indira Niño,Celulares,1232959.0
1902,Carlos Reina,Electrodomésticos,1166895.0
1903,Carlos Reina,Electrodomésticos,503727.0
1904,Carlos Reina,Celulares,1721766.0
1905,Carlos Reina,Celulares,1420187.0
1906,Ginna Tatiana Leon,Electrodomésticos,531131.0
1907,Ginna Tatiana Leon,Electrodomésticos,251247.0
1908,Ginna Leon,Celulares,795657.0
1910,Carlos Arturo Reina,Celulares,577407.0
1911,Indira Niño,Electrodomésticos,948188.0
1912,Carlos Reina,Electrodomésticos,1221628.0
1915,Ginna Tatiana Leon,Electrodomésticos,690384.0
1916,Indira Niño,Electrodomésticos,1485636.0
1918,Carlos Arturo Reina,Electrodomésticos,402148.0
1919,Ginna Tatiana Leon,Electrodomésticos,123383.0
1920,Carlos Arturo Reina,Celulares,110548.0
1921,Indira Niño,Celulares,1669291.0
1922,Ginna Tatiana Leon,Electrodomésticos,1999239.0
1923,Carlos Arturo Reina,Celulares,563025.0
1924,Heidi Rojas,Celulares,1507142.0
1925,Carlos Reina,Electrodomésticos,253395.0
1926,Carlos Reina,Electrodomésticos,1621670.0
1927,Heidi Rojas,Electrodomésticos,1474626.0
1928,Heidi Rojas,Celulares,766445.0
1929,Heidi Rojas,Electrodomésticos,419595.0
1930,Heidi Rojas,Electrodomésticos,453662.0
1932,Indira Niño,Electrodomésticos,381659.0
1933,Heidi Rojas,Electrodomésticos,852335.0
1934,Indira Niño,Celulares,1372190.0
1935,Heidi Rojas,Celulares,511947.0
1936,Ginna Tatiana Leon,Celulares,1970880.0
1938,Carlos Arturo Reina,Celulares,1256776.0
1939,Carlos Arturo Reina,Electrodomésticos,411705.0
1940,Ginna Leon,Electrodomésticos,1150931.0
1941,Indira Niño,Electrodomésticos,1489737.0
1942,Carlos Arturo Reina,Celulares,394378.0
1943,Ginna Leon,Celulares,1113980.0
1944,Carlos Reina,Celulares,586014.0
1945,Heidi Rojas,Celulares,1069893.6651376146
1946,Heidi Rojas,Electrodomésticos,1053456.0
1947,Carlos Reina,Electrodomésticos,1193398.0
1948,Heidi Rojas,Electrodomésticos,1295712.0
1949,Ginna Tatiana Leon,Electrodomésticos,1470146.0
1950,Carlos Reina,Electrodomésticos,567453.0
1951,Heidi Rojas,Electrodomésticos,1111058.0
1952,Carlos Reina,Celulares,582325.0
1953,Ginna Tatiana Leon,Electrodomésticos,491969.0
1954,Carlos Arturo Reina,Celulares,969507.0
1955,Ginna Tatiana Leon,Celulares,1104147.0
1956,Carlos Arturo Reina,Celulares,961718.0
1958,Ginna Tatiana Leon,Celulares,407998.0
1959,Heidi Rojas,Celulares,950303.0
1960,Carlos Arturo Reina,Celulares,1626672.0
1961,Heidi Rojas,Celulares,1371976.0
1962,Indira Niño,Celulares,961440.0
1963,Carlos Arturo Reina,Celulares,1171235.0
1964,Ginna Tatiana Leon,Electrodomésticos,1351021.0
1965,Ginna Leon,Electrodomésticos,327688.0
1967,Indira Niño,Celulares,1214489.0
1968,Carlos Reina,Celulares,373319.0
1969,Carlos Arturo Reina,Celulares,1725021.0
1970,Indira Niño,Electrodomésticos,191096.0
1971,Indira Niño,Celulares,1111086.0
1972,Indira Niño,Electrodomésticos,1654815.0
1973,Ginna Tatiana Leon,Celulares,633762.0
1974,Ginna Leon,Celulares,1938712.0
1975,Heidi Rojas,Celulares,1069893.6651376146
1976,Carlos Reina,Celulares,886494.0
1977,Ginna Tatiana Leon,Electrodomésticos,323521.0
1978,Ginna Tatiana Leon,Electrodomésticos,1224293.0
1979,Heidi Rojas,Electrodomésticos,933521.0
1980,Indira Niño,Electrodomésticos,1272504.0
1981,Heidi Rojas,Electrodomésticos,1723603.0
1982,Ginna Tatiana Leon,Celulares,1482616.0
1983,Ginna Leon,Electrodomésticos,439308.0
1984,Carlos Arturo Reina,Electrodomésticos,1779512.0
1985,Ginna Tatiana Leon,Celulares,1433529.0
1987,Indira Niño,Celulares,1069893.6651376146
1988,Carlos Reina,Celulares,940213.0
1989,Carlos Arturo Reina,Electrodomésticos,1352990.0
1990,Ginna Leon,Electrodomésticos,523010.0
1991,Carlos Arturo Reina,Electrodomésticos,1744082.0
1992,Carlos Arturo Reina,Celulares,1513531.0
1994,Heidi Rojas,Electrodomésticos,928675.0
1995,Ginna Leon,Celulares,243900.0
1996,Carlos Arturo Reina,Electrodomésticos,1272546.0
1997,Heidi Rojas,Electrodomésticos,679878.0
1998,Ginna Leon,Electrodomésticos,1305666.0
